rank,slack,arrival,startpoint,endpoint,logic_levels,FU class,operation,module
1,736.65,11483.45,_386358_,_395836_,458,DIV_REM,DIV_REM,rv32_ooo_int_execute
2,736.73,11483.37,_386358_,_395836_,458,DIV_REM,DIV_REM,rv32_ooo_int_execute
3,737.33,11482.78,_386861_,_395836_,460,DIV_REM,DIV_REM,rv32_ooo_int_execute
4,738.02,11483.35,_386358_,_396060_,458,DIV_REM,DIV_REM,rv32_ooo_int_execute
5,738.04,11482.98,_386358_,_396604_,458,DIV_REM,DIV_REM,rv32_ooo_int_execute
6,738.07,11483.77,_386358_,_396412_,458,DIV_REM,DIV_REM,rv32_ooo_int_execute
7,738.1,11483.27,_386358_,_396060_,458,DIV_REM,DIV_REM,rv32_ooo_int_execute
8,738.13,11482.89,_386358_,_396604_,458,DIV_REM,DIV_REM,rv32_ooo_int_execute
9,738.13,11482.64,_386358_,_395868_,458,DIV_REM,DIV_REM,rv32_ooo_int_execute
10,738.15,11483.69,_386358_,_396412_,458,DIV_REM,DIV_REM,rv32_ooo_int_execute
11,738.21,11482.56,_386358_,_395868_,458,DIV_REM,DIV_REM,rv32_ooo_int_execute
12,738.33,11475.7,_386358_,_388310_,459,DIV_REM,DIV_REM,rv32_ooo_int_execute
13,738.34,11483.62,_386358_,_395740_,458,DIV_REM,DIV_REM,rv32_ooo_int_execute
14,738.39,11475.86,_386358_,_387766_,459,DIV_REM,DIV_REM,rv32_ooo_int_execute
15,738.41,11475.62,_386358_,_388310_,459,DIV_REM,DIV_REM,rv32_ooo_int_execute
16,738.42,11483.54,_386358_,_395740_,458,DIV_REM,DIV_REM,rv32_ooo_int_execute
17,738.46,11475.71,_386358_,_387670_,459,DIV_REM,DIV_REM,rv32_ooo_int_execute
18,738.47,11475.77,_386358_,_387766_,459,DIV_REM,DIV_REM,rv32_ooo_int_execute
19,738.54,11475.63,_386358_,_387670_,459,DIV_REM,DIV_REM,rv32_ooo_int_execute
20,738.67,11475.53,_386358_,_387286_,459,DIV_REM,DIV_REM,rv32_ooo_int_execute
21,738.7,11475.74,_386358_,_387190_,459,DIV_REM,DIV_REM,rv32_ooo_int_execute
22,738.72,11482.21,_386358_,_395548_,458,DIV_REM,DIV_REM,rv32_ooo_int_execute
23,738.75,11475.45,_386358_,_387286_,459,DIV_REM,DIV_REM,rv32_ooo_int_execute
24,738.78,11475.66,_386358_,_387190_,459,DIV_REM,DIV_REM,rv32_ooo_int_execute
25,738.81,11482.13,_386358_,_395548_,458,DIV_REM,DIV_REM,rv32_ooo_int_execute
26,738.85,11483.08,_386358_,_396956_,458,DIV_REM,DIV_REM,rv32_ooo_int_execute
27,738.93,11483.0,_386358_,_396956_,458,DIV_REM,DIV_REM,rv32_ooo_int_execute
28,738.95,11475.16,_386358_,_387702_,459,DIV_REM,DIV_REM,rv32_ooo_int_execute
29,738.96,11482.41,_386861_,_396060_,461,DIV_REM,DIV_REM,rv32_ooo_int_execute
30,738.98,11482.04,_386861_,_396604_,461,DIV_REM,DIV_REM,rv32_ooo_int_execute
31,739.01,11482.83,_386861_,_396412_,461,DIV_REM,DIV_REM,rv32_ooo_int_execute
32,739.02,11474.48,_386358_,_388182_,459,DIV_REM,DIV_REM,rv32_ooo_int_execute
33,739.03,11475.07,_386358_,_387702_,459,DIV_REM,DIV_REM,rv32_ooo_int_execute
34,739.07,11481.7,_386861_,_395868_,461,DIV_REM,DIV_REM,rv32_ooo_int_execute
35,739.09,11481.65,_386358_,_396348_,458,DIV_REM,DIV_REM,rv32_ooo_int_execute
36,739.1,11474.4,_386358_,_388182_,459,DIV_REM,DIV_REM,rv32_ooo_int_execute
37,739.17,11481.57,_386358_,_396348_,458,DIV_REM,DIV_REM,rv32_ooo_int_execute
38,739.18,11475.45,_386358_,_387542_,459,DIV_REM,DIV_REM,rv32_ooo_int_execute
39,739.25,11475.18,_386358_,_387958_,459,DIV_REM,DIV_REM,rv32_ooo_int_execute
40,739.26,11475.36,_386358_,_387542_,459,DIV_REM,DIV_REM,rv32_ooo_int_execute
41,739.27,11474.76,_386861_,_388310_,462,DIV_REM,DIV_REM,rv32_ooo_int_execute
42,739.28,11482.68,_386861_,_395740_,461,DIV_REM,DIV_REM,rv32_ooo_int_execute
43,739.31,11483.84,_386358_,_395932_,458,DIV_REM,DIV_REM,rv32_ooo_int_execute
44,739.33,11474.92,_386861_,_387766_,462,DIV_REM,DIV_REM,rv32_ooo_int_execute
45,739.33,11475.1,_386358_,_387958_,459,DIV_REM,DIV_REM,rv32_ooo_int_execute
46,739.34,11475.39,_386358_,_387798_,459,DIV_REM,DIV_REM,rv32_ooo_int_execute
47,739.39,11483.76,_386358_,_395932_,458,DIV_REM,DIV_REM,rv32_ooo_int_execute
48,739.4,11474.78,_386861_,_387670_,462,DIV_REM,DIV_REM,rv32_ooo_int_execute
49,739.42,11475.31,_386358_,_387798_,459,DIV_REM,DIV_REM,rv32_ooo_int_execute
50,739.48,11482.45,_386358_,_395964_,458,DIV_REM,DIV_REM,rv32_ooo_int_execute
